City Key,City,INDUSTRY ID,Apply URL
190,Chennai,2,https://www.naukri.com/job-listings-walk-in-interview-drive-relationship-manager-branch-banking-kotak-mahindra-bank-chennai-3-to-7-years-310824009799
190,Chennai,2,https://www.naukri.com/job-listings-international-voice-process-executive-equiniti-india-chennai-0-to-4-years-220824009815
190,Chennai,2,https://www.naukri.com/job-listings-walk-in-interview-for-ambulance-car-driver-miot-international-chennai-1-to-6-years-310824004061
190,Chennai,2,https://www.naukri.com/job-listings-mega-walk-in-drive-for-tamil-voice-proces-chennai-hdb-financial-services-chennai-0-to-0-years-230824011925
190,Chennai,2,https://www.naukri.com/job-listings-walk-in-capital-market-fresher-grad-undergrad-chennai-mphasis-chennai-0-to-0-years-120723006402
190,Chennai,2,https://www.naukri.com/job-listings-redserv-redington-group-walk-in-interview-4th-sept-24-redserv-global-solutions-chennai-2-to-7-years-020924009074
190,Chennai,2,https://www.naukri.com/job-listings-redserv-redington-group-walk-in-interview-4th-sept-24-redserv-global-solutions-chennai-1-to-5-years-020924008840
190,Chennai,2,https://www.naukri.com/job-listings-urgent-hiring-for-international-voice-process-sutherland-chennai-0-to-2-years-020924006664
190,Chennai,2,https://www.naukri.com/job-listings-mega-walk-in-drive-for-international-non-voice-process-sagility-india-chennai-0-to-0-years-270824014836
190,Chennai,2,https://www.naukri.com/job-listings-mega-walk-in-drive-for-international-non-voice-process-sagility-india-chennai-0-to-0-years-260824012926
190,Chennai,2,https://www.naukri.com/job-listings-mis-deputy-manager-tvs-credit-services-chennai-3-to-8-years-230824015689
190,Chennai,2,https://www.naukri.com/job-listings-mega-walk-in-for-tamil-voice-process-matrimony-com-matrimony-com-chennai-0-to-4-years-060523006283
190,Chennai,2,https://www.naukri.com/job-listings-senior-key-relationship-officer-housing-finance-aditya-birla-housing-finance-ltd-hyderabad-chennai-bengaluru-1-to-6-years-310824005912
190,Chennai,2,https://www.naukri.com/job-listings-hiring-for-ar-callers-r1rcm-chennai-r1-rcm-chennai-1-to-5-years-300824015943
190,Chennai,2,https://www.naukri.com/job-listings-international-voice-process-executive-e-care-india-chennai-0-to-1-years-300824009629
190,Chennai,2,https://www.naukri.com/job-listings-walk-in-interview-business-development-manager-6th-september-indusind-bank-chennai-1-to-6-years-280824018092
190,Chennai,2,https://www.naukri.com/job-listings-mega-openings-customer-support-hindi-voice-process-infosearch-bpo-services-chennai-0-to-2-years-270824015356
190,Chennai,2,https://www.naukri.com/job-listings-hiring-for-international-non-voice-process-lending-night-shift-chennai-enoah-isolution-chennai-0-to-2-years-190824007205
190,Chennai,2,https://www.naukri.com/job-listings-walk-in-interview-business-development-manager-current-accounts-indusind-bank-chennai-1-to-6-years-130824006442
190,Chennai,2,https://www.naukri.com/job-listings-international-voice-process-sutherland-global-services-sutherland-chennai-0-to-3-years-090724009189
190,Chennai,2,https://www.naukri.com/job-listings-residential-mortgage-immediate-chennai-enoah-isolution-chennai-1-to-3-years-080124001626
190,Chennai,2,https://www.naukri.com/job-listings-associate-customer-support-spot-selection-tech-mahindra-chennai-0-to-1-years-030724007591
190,Chennai,2,https://www.naukri.com/job-listings-walk-in-for-freshers-sales-chennai-axis-bank-chennai-0-to-3-years-020924015490
190,Chennai,2,https://www.naukri.com/job-listings-walk-in-interview-for-machine-learning-python-and-vue-js-developers-sysvine-technologies-chennai-3-to-5-years-020924014994
190,Chennai,2,https://www.naukri.com/job-listings-urgent-hiring-freshers-walk-in-international-voice-sutherland-chennai-0-to-5-years-020924008417
190,Chennai,2,https://www.naukri.com/job-listings-walk-in-virtual-relationship-manager-chennai-karapakkam-indusind-bank-chennai-0-to-3-years-020924008147
190,Chennai,2,https://www.naukri.com/job-listings-banking-voice-process-tech-mahindra-chennai-0-to-2-years-020724007787
190,Chennai,2,https://www.naukri.com/job-listings-international-voice-process-french-hexaware-technologies-chennai-0-to-5-years-290824007679
190,Chennai,2,https://www.naukri.com/job-listings-exclusive-walkin-drive-for-ar-associate-omega-chennai-omega-healthcare-chennai-0-to-1-years-290824005878
190,Chennai,2,https://www.naukri.com/job-listings-direct-walk-in-for-tele-sales-executive-matrimony-com-matrimony-com-chennai-2-to-4-years-170824004531
190,Chennai,2,https://www.naukri.com/job-listings-direct-walk-in-interview-for-freshers-firstsource-chennai-0-to-1-years-160724012970
190,Chennai,2,https://www.naukri.com/job-listings-firstsource-hiring-for-international-voice-process-firstsource-chennai-0-to-3-years-300824018893
190,Chennai,2,https://www.naukri.com/job-listings-walk-in-for-medical-transcriptionist-doctors-secretary-female-miot-international-chennai-1-to-5-years-200723006586
