City Key,City,INDUSTRY ID,Job Title,Company,Salary,Apply URL,Walk-in,Experience,Time,Venue,Job Description
190,Chennai,2,Walk-In Interview Drive | Relationship Manager - Branch Banking,Kotak Mahindra Bank,Not Disclosed,https://www.naukri.com/job-listings-walk-in-interview-drive-relationship-manager-branch-banking-kotak-mahindra-bank-chennai-3-to-7-years-310824009799,Yes,3 - 7 years,"3rd September , 12.00 PM - 3.00 PM","3rd September , 12.00 PM - 3.00 PM","Job description
Greetings from Kotak Mahindra Bank!

We at Kotak Mahindra Bank are looking for dynamic sales professionals for the following positions (On the payroll of Kotak Mahindra Bank)

1. Branch Relationship Manager - Branch Banking - Grade : M2 - Deputy Manager

2. Elite Relationship Manager - Branch Banking - Grade : M3 - Manager

3. Platinum Relationship Manager - Household- Grade : M4 - Senior Manager

Maximum Age Limit : 36 Years

KRAs:

Develops new and expands existing High Net worth Customer relationships for liabilities and commercial assets
Sources new bank customers through external individual efforts and acquisition channel
Ensures high levels of customer service orientation and application of bank policy.
Cross-sells bank products to existing set of branch customers, which are mapped
Informs customers of new products or product enhancements further to expand the banking relationship.
Plans and conducts special sales initiatives and events for prospective and existing clients.
Coordinates with other group companies to provide seamless access to other products.
Maintains complete relationship record for assigned customer accounts.
Tracks customer complaints/queries and turnaround times for customer satisfaction

Desired Candidate Profile:

Developing and maintaining banking relationships with a select group of high net worth customers through individualized customer service.
Very good understanding of Commercial Assets like CC, OD, TL, Export Finance
Understanding of Mutual Funds and Insurance is an added advantage
Customer orientation
High energy levels with a motive to succeed
Graduation qualification in any stream
3-7 Years of experience currently working in Relationship & Portfolio Management roles in Branch Banking can apply.


Walk In Interview Details :

Location of Placement : Chennai

Date : 3rd September 2024 - Tuesday

Time : 12:00PM to 3:00PM

Address : Kotak Mahindra Bank Ltd. No;40, Monteith Road, Egmore, Chennai 600008.

During the interview, you will have the chance to discuss your background, experiences, and aspirations with our hiring team.

Looking forward to meet You!

Team HR!
Kotak Mahindra Bank Ltd.
Role: Retail Banking Sales
Industry Type: Banking
Department: Sales & Business Development
Employment Type: Full Time, Permanent
Role Category: Retail & B2C Sales
Education
UG: Any Graduate
PG: Any Postgraduate
Key Skills
Skills highlighted with ‘‘ are preferred keyskills
HNI SALESRelationship ManagementBRANCH BANKING
Wealth ManagementPortfolio ManagementPriority BankingHNI AcquisitionHNI Client Handling"
190,Chennai,2,International Voice Process Executive,Equiniti India,3-5 Lacs P.A.,https://www.naukri.com/job-listings-international-voice-process-executive-equiniti-india-chennai-0-to-4-years-220824009815,Yes,0 - 4 years,"3rd September , 1.00 PM - 4.00 PM","3rd September , 1.00 PM - 4.00 PM","Job description
Job description
In the role of Customer Experience Executive you would need to assist shareholders in buying & selling shares, in accordance with predetermined procedures & service standards under appropriate guidance and direction.

Role & responsibilities
Answer inbound calls, emails from Shareholders and assist them with their queries within the agreed service standards.
Answer inbound calls from Shareholders and assist them to buy or sell shares within the agreed service standards.
Respond to basic queries referring to senior colleagues where appropriate.
Contribute to the completion of the team's workload.
Improve own skills as knowledge within the operational team taking opportunities to identify area for improvement to processes and service.
Undertake duties at a similar level as required.
Ensure compliance with Equiniti's procedures, standards and reporting requirements, together with all relevant regulatory and statutory requirements, where appropriate implementing actions to protect our business at all times.
Always to undertake the duties of this role in accordance with the requirements of the company's Regulators.
Complete work within the security arrangements of Equiniti. Any deliberate contravention of these procedures may lead to disciplinary procedure.
Ensure that all work is undertaken within the quality system.
Ensure that work and ethics comply with all security arrangements both physical and information.

Preferred candidate profile
Excellent communication skills; Strong phone and verbal communication skills along with active listening
Proven experience in a customer support role
Meeting targets for accuracy, quality, volume and agreed service levels
Familiarity with CRM systems and practices
Basic understanding of data protection principles and knowledge in AML
Customer focus and adaptability to different personality types
Ability to multi-task, set priorities and manage time effectively
Adherence to procedures and regulations.
Demonstrate willingness to contribute to team beyond own immediate tasks

Perks and benefits
Being a permanent member of the team at EQ you will be rewarded by our company benefits, these are just a few of what is on offer:
31 days + 9 bank holidays (UK)
Comprehensive Medical & Life Assurance cover
Maternity leave of 6 months full pay, 10days paid paternity leave
Long Term Incentive Plan (LTIP) for all colleagues
Accidental & Life cover 2 times of concerned CTC

Shift Timings
US Night Shift

NOTE: Walk In Directly for interview (only). No calls / virtual connect

Contact Person
Visalakshi - 9940546962
Vinoth - 9940276473
Role: Voice / Blended - Other
Industry Type: BPO / Call Centre
Department: Customer Success, Service & Operations
Employment Type: Full Time, Permanent
Role Category: Voice / Blended
Education
UG: Any Graduate
Key Skills
Skills highlighted with ‘‘ are preferred keyskills
International VoiceUs Voice ProcessInternational BPOInternational Voice Process
Customer ServiceExcellent Verbal And Written Communication SkillsExcellent Communication In English"
190,Chennai,2,WALK-IN Interview For Ambulance/ Car Driver,MIOT International,Not Disclosed,https://www.naukri.com/job-listings-walk-in-interview-for-ambulance-car-driver-miot-international-chennai-1-to-6-years-310824004061,Yes,1 - 6 years,"31st August - 4th September , 9.30 AM - 12.30 PM","31st August - 4th September , 9.30 AM - 12.30 PM","Job description
Roles and Responsibilities
1.Responds to emergency calls with immediate care to critically ill and transport the patient to/within the hospital.
2. Drive safely and ensure pa safety.
3. Should work in rotational shifts and Point duty .


Desired Candidate Profile
1. Two Doses of Vaccination must
2. Driving License with Badge .
3. Age Limit 27 -40 Years
4. Candidates must register police verification certificate




Role: Office Admin
Industry Type: Medical Services / Hospital
Department: Administration & Facilities
Employment Type: Full Time, Permanent
Role Category: Administration
Education
UG: Graduation Not Required
Key Skills
Skills highlighted with ‘‘ are preferred keyskills
emergency
drivingHeavyHealth Care Servicescarambulancehospitaltransportation"
190,Chennai,2,Mega Walk in drive For Tamil voice proces- Chennai,HDB Financial Services,"50,000-1.5 Lacs P.A.",https://www.naukri.com/job-listings-mega-walk-in-drive-for-tamil-voice-proces-chennai-hdb-financial-services-chennai-0-to-0-years-230824011925,Yes,0 years,"2nd September - 4th September , 10.00 AM - 4.00 PM","2nd September - 4th September , 10.00 AM - 4.00 PM","Job description
Greetings from HDB Financial Services !!!

Company Description: HDB Financial Services is a wholly owned subsidiary of HDFC bank.
Please find below our requirements and looking for Placement service providers who can help in sourcing candidates and attaching the JD details of STCO & General Staff
Skills Required :Communication skills, Target oriented
Qualification : Any graduate(fresher/exp) - 15 years of education mandatory
No. of Vacancies : 50 candidates
Experience : 0-4 years

Job Description
Freshers/ experienced with good communication skills are eligible to walk in.
It is an outbound collections process. The role involves the following aspects
1. Making outbound calls on daily basis to the existing customers of HDFC
2. Discussing on any pending payments of the customer
3. Follow up regarding the payments to be made


Role: Voice / Blended - Other
Industry Type: BPO / Call Centre
Department: Customer Success, Service & Operations
Employment Type: Full Time, Permanent
Role Category: Voice / Blended
Education
UG: Any Graduate
Key Skills
Good Communication In EnglishTamil Voice Process"
190,Chennai,2,Redserv (Redington Group) | Walk in interview | 4th Sept'24,Redserv Global Solutions,Not Disclosed,https://www.naukri.com/job-listings-redserv-redington-group-walk-in-interview-4th-sept-24-redserv-global-solutions-chennai-2-to-7-years-020924009074,Yes,2 - 7 years,"4th September , 11.00 AM - 2.00 PM","4th September , 11.00 AM - 2.00 PM","Job description
Dear Candidates,

Are you looking for opportunities ?

If yes, read below to know more about an opportunity in Redserv (Redington Group), one of the leading Supply Chain Management organizations!

We, at Redserv Global Solutions, are hosting a Walk-In Drive on 4th September 2024,11.00 AM - 2 PM.
Please find below the Interview details and Skills required:

1) Role hiring for: Accounting

Work Location : Perungalathur
Experience : 2- 6 Years
Mode : Work from Office

Qualification : CA Inter qualified/CA Final can only apply.
Skills required : General ledger/ R2R/Record to report

Roles & Responsibilities: -
Responsible for ensuring standalone Financial Statements and Consolidated Financial statements including Notes to Accounts is prepared on time and is in adherence to local/group accounting policies & applicable accounting standards.
Liaison with Auditors in planning the audit deliverables, ensuring completion of Quarterly/Annual/Synnex Audit before the board meeting, getting the Financial Statements signed on time.
Responsible for providing proactive/value added reports which will aid finance/business stakeholders to take informed decisions.
Responsible for doing Monthly Closure & Internal MIS to the Management & various internal stakeholders on time.
Responsible for reporting to the Parent on various reports including Financial Statements on a periodical basis.
Responsible for Control over Chart of Accounts.
Responsible for Reporting & Accounting.

2) Role hiring for: General ledger/ R2R

Work Location : Perungalathur
Experience : 4 - 8 Years
Mode : Work from Office

Qualification : M.Com/MBA Finance/ CA Inter qualified
Skills required : Team handling experience is must
Experience in Record to Report/General ledger

Job Responsibilities:-
Maintaining General Ledger and tracking all manual Journals recorded in the books.
Recognizing capital expenditure based on internal policy defined.
Ensuring proper classification of cost under profit & loss account.
Co-ordination with AP, AR, Inventory, Payroll, Treasury & Intercompany teams internally for getting information on time to meet timelines.
Responsible for calculating Depreciation, Amortization of costs, etc.
Creating provisions wherever required in the books.
Reviewing Intercompany transactions to ensure balances are agreed from both sides.
Preparation of Monthly MIS reports within the time frames defined.
Reconciliation of General Ledgers with respect to validity of the closing balances every month.
Co-ordination with Audit teams for providing information required.
Frequent co-ordination and communications with various countries to ensure all the transactions are properly considered & accounted for.
Maintaining good & smooth communication channels with members with in the team as well as with clients.
Maintaining high confidentiality of information to protect the interests of company and staff.

Eligibility Criteria :
Diploma candidates are not eligible to attend this interview.
Candidates who has arrears and does not have the graduation certificates cannot apply for this interview.

Location of the Walk-In Drive
1st Floor, Block B-6, Gateway Office Parks Private Ltd. SEZ.,
(Formerly Shriram Properties and Infrastructure Pvt.Ltd. SEZ.)
No.16, G.S.T Road, Perungalathur, Chennai 600 063

Date & Time: 04th September 2024 | 11.00 AM - 2 PM

Documents to Carry for the Interview
- Current updated Resume
- Please carry your last 3 months pay slips & your CTC break up (Fixed & variable components)
also have these documents in your email ID.
Feel free to share or refer about this drive with your friends, colleagues and references.

Click the below link to fill the registration form before walk in:

https://forms.office.com/Pages/DesignPageV2.aspx?origin=NeoPortalPage&subpage=design&id=9hiZ55umM0uBZuiXEx9zRqK3SOlzrEpBpcgvJbaUmMZUMUtYQjJMWEdZNjJMRkRYS1NZRDlXNlk3TC4u

Without registration interviews will not be conducted.




Regards
Team HR
Role: Finance - Other
Industry Type: Analytics / KPO / Research
Department: Finance & Accounting
Employment Type: Full Time, Permanent
Role Category: Finance
Education
PG: CA in Any Specialization
Key Skills
Skills highlighted with ‘‘ are preferred keyskills
CA
Financial ReportingAccountingMonth End ClosingRTRR2RConsolidationMISGeneral Ledger AccountingGeneral LedgerRecord to reportIFRSGl Accounting"
190,Chennai,2,Redserv (Redington Group) | Walk in interview | 4th Sept'24,Redserv Global Solutions,Not Disclosed,https://www.naukri.com/job-listings-redserv-redington-group-walk-in-interview-4th-sept-24-redserv-global-solutions-chennai-1-to-5-years-020924008840,Yes,1 - 5 years,"4th September , 11.00 AM - 2.00 PM","4th September , 11.00 AM - 2.00 PM","Job description
Dear Candidates,

Are you looking for opportunities ?

If yes, read below to know more about an opportunity in Redserv (Redington Group), one of the leading Supply Chain Management organizations!

We, at Redserv Global Solutions, are hosting a Walk-In Drive on 4th September 2024,11.00 AM - 2 PM.
Please find below the Interview details and Skills required:

1) Role hiring for: Inbound Operations

Work Location : Perungalathur
Experience : 1- 5 Years
Mode : Work from office

Desired Candidate Profile -
Graduate or Post Graduate in any discipline - Should be all cleared, Standing arrears are not eligible.
SAP MM experience is must.

Roles & Responsibilities:
Ensure Operational SLAs are met.
Ensure Quality and Turn Around Time requirements are met.
Ensure cut off timings for order placement / delivery etc. are met
Handle queries and escalations.
Must be able to draw process maps and draft SOPs (Standard Operating Procedures)
Should be able to think creatively and work towards continuous process improvements and process automations.

2) Role hiring for: Outbound Operations

Work Location : Perungalathur
Experience : 1- 5 Years
Mode : Work from office

Desired Candidate Profile -
Graduate or Post Graduate in any discipline.
SAP SD experience is must.

Roles & Responsibilities:
Ensure Operational SLAs are met.
Ensure Quality and Turn Around Time requirements are met.
Ensure cut off timings for order placement / delivery etc. are met
Handle queries and escalations
Must be able to draw process maps and draft SOPs (Standard Operating Procedures)
Should be able to think creatively and work towards continuous process improvements and process automations.

3) Role hiring for: Accounting - Freshers

Work Location : Perungalathur
Mode : Work from office
Requirements:

Qualification

B.Com/M.Com fresher (Mandatory)
CA Inter/ CMA Inter fresher (Mandatory)

Roles & Responsibility:

Invoice Processing of Non Trade vendor invoices
Invoice Processing of Freight Charges Invoices
Processing of Employee Claims
Booking of vendor invoices post necessary checks with Goods Receipt Notification and Vendor Purchase Order.
Booking of vendor Credit Notes and updating and maintenance of all operational trackers.
Vendor/customer master data management.
Vendor invoice processing for non-Trade.
Customer receipt accounting and allocation, bank reconciliation and intercompany reconciliation.
General accounting entries such as Prepaid amortization, Monthly expense provisions and other journals.
4) Role hiring for: Senior Cloud Engineer(L2 & L3)

Location: Remote (Work from Home module)
Experience: 3-8 Years

Description
Design Cloud solutions from conceptual, logical, and physical design to meet clients business and technical requirements leveraging design patterns and appropriate AWS skills.
Ready to work 24\7 and in Rotational Shifts.
Demonstrate good expertise in all major Cloud Service Providers products and solutions.
Specialize in the best practice design, operations, and support of private/public/hybrid cloud infrastructure including Network, Storage, Compute and Security
Design Cloud solutions from conceptual, logical and physical design to meet clients business and technical requirements leveraging design patterns and appropriate AWS skills
Must have strong Infrastructure background into Compute, Networking, Virtualization and Storage Technologies.
Strong knowledge of cloud technologies like AWS, Azure, GCP.
Should have minimum 2 years hands-on experience in designing and implementing Cloud based solutions, Readiness Assessments and Migrating workloads to Cloud.
Conduct assessments, build blueprints and roadmaps, build proofs of concept, and write technical points of view.
Must have good hands on experience in using enterprise class assessment toolsets.
Must have good hands on experience in cloud native and 3rd party migration tools
Experience in DR from on-premise to AWS/Azure cloud
Excellent knowledge on Linux/Windows.
Provide technical and non-technical guidance and support for junior operations team members.
Strong knowledge of infrastructure automation tools (Puppet, Chef, Ansible)
Nice to have Experience in configuring monitoring tools like Prometheus, graphene, and any other open-source tools.
Create and Managing S3 buckets, objects, and build JSON policies for security Monitoring with cloud native events, logs, and alerts. Security tools and skills
Experience on Automation and scripting. (Python, Boto3, pip3, awssdk, Azure PowerShell)
Practical expertise in performance tuning and optimization, bottleneck problems analysis
Experience in working in Managed service team.
Strong communication skills, with the ability to present complex information toTechnical Skills.
Minimum of 3+ years of experience in IT or consulting organization, of which at least 2-3years of experience designing and implementing cloud projects. Hands-on experience is a must.
Certified AWS /Azure Cloud Architect professional
Hands-on experience in leading implementation on Kubernetes, terraform, docker
Experience in Cloud Iaas, PaaS & SaaS
Work closely with cloud platform architects to deliver creative solutions to complex technology challenges and business requirements.


5) Role hiring for: Freshers - Inbound/ Outbound process

Location: Perungalathur
Mode : Work from office


Desired Candidate Profile -
Graduate or Post Graduate in any discipline( Only 2024 passed outs)
Good communication skills (Read/Write/Speak)


Roles & Responsibilities:
Ensure Operational SLAs are met.
Ensure Quality and Turn Around Time requirements are met.
Handle queries and escalation.

Eligibility Criteria :

Candidates should stay within 10 KM radius from Perungalathur office.
Diploma candidates are not eligible to attend this interview.
Candidates who has arrears and does not have the graduation certificates cannot apply for this interview.
Immediate Joiners or people with less than 15 days of notice period are preferred.

Location of the Walk-In Drive
1st Floor, Block B-6, Gateway Office Parks Private Ltd. SEZ.,
(Formerly Shriram Properties and Infrastructure Pvt.Ltd. SEZ.)
No.16, G.S.T Road, Perungalathur, Chennai 600 063

Date & Time: 04th September 2024 | 11.00 AM - 2 PM
Documents to Carry for the Interview

- Current updated Resume(one soft copy required)
- Please carry your last 3 months pay slips & your CTC break up (Fixed & variable components)
also have these documents in your email ID.
Feel free to share or refer about this drive with your friends, colleagues and references.

Click the below link to fill the registration form before walk in:

https://forms.office.com/Pages/DesignPageV2.aspx?origin=NeoPortalPage&subpage=design&id=9hiZ55umM0uBZuiXEx9zRqK3SOlzrEpBpcgvJbaUmMZUMUtYQjJMWEdZNjJMRkRYS1NZRDlXNlk3TC4u

Without registrations interviews will not be conducted.



Regards
HR Team
Role: Other
Industry Type: Analytics / KPO / Research
Department: Other
Employment Type: Full Time, Permanent
Role Category: Other
Education
UG: Any Graduate
Key Skills
Skills highlighted with ‘‘ are preferred keyskills
cloudPurchase OrderSales Order
AzureJournal entriesjournal entrySAP SDorder managementSAP MMAWS"
190,Chennai,2,Urgent Hiring For International Voice Process !!,Sutherland,2.5-3.5 Lacs P.A.,https://www.naukri.com/job-listings-urgent-hiring-for-international-voice-process-sutherland-chennai-0-to-2-years-020924006664,Yes,0 - 2 years,"2nd September - 4th September , 11.00 AM - 2.30 PM","SUTHERLAND -Ground floor, Gateway office parks, Perungalathur, Chennai. Landmark Opposite Perungalathur Railway Station.","Job description
Greetings from Sutherland!

Currently we are hiring for International Voice process & Non - Voice for Freshers and experienced both!!!

Role & responsibilities
An International Voice Process & Non - Voice Job is a job where the executives are assigned to handle the Calls & Chats from customers in different countries, particularly the U.S., Dubai etc. These jobs include product and service support or technical support in which the customer is calling to solve an issue.

Preferred candidate profile
*Must be fluent in English
*Excellent Communication can Apply
*Both freshers and experienced can apply
*Both Undergraduate and Graduate can apply
*24/7 shifts and rotational week offs (5 days working a week)
*ROI - JAM, Assessment & Operations Round
*Two-way cab facility only in night shift within 25Kms only from office premises
*Candidate who is comfortable working from office can apply
*Need Immediate Joiners only
*No virtual Interview is available
*Out of station candidates are Strictly not eligible
*Pursuing education candidates are strictly not eligible.

Interested Candidates can come down for Walk-in for Interview and Mention My name ""Sivapriya"" on top of your resume.
Call me prior before coming for walk In Interview to schedule the Interview.

Thanks & Regrads,
Sivapriya,
9445358584.
Role: Voice / Blended - Other
Industry Type: BPO / Call Centre
Department: Customer Success, Service & Operations
Employment Type: Full Time, Permanent
Role Category: Voice / Blended
Education
UG: Graduation Not Required
Key Skills
Skills highlighted with ‘‘ are preferred keyskills
Semi VoiceVoice Process
Mass CommunicationBpo Customer ServiceBusiness EnglishBpo VoiceCustomer CareEnglish LiteratureInternational Voice Process"
190,Chennai,2,Mega Walk-In Drive For International Non Voice Process,Sagility India,Not Disclosed,https://www.naukri.com/job-listings-mega-walk-in-drive-for-international-non-voice-process-sagility-india-chennai-0-to-0-years-270824014836,Yes,0 years,"28 August - 5th September , 9.30 AM - 5.30 PM","28 August - 5th September , 9.30 AM - 5.30 PM","Job description
Mega Walk in Drive for Fresher - International Non Voice Process

28-08-2024 to 05-09-2024 (Monday to Friday)

International Non-Voice Process-Take home-14K (Monthly)

40 Openings in Sagility at Chennai

Interview Date: 28-08-2024 to 05-09-2024 (Monday to Friday)

Interview Time: 09:00 AM to 05.00 PM

Process: US Healthcare Process

Interview Venue:
Sagility, 5th Floor, Jayant Tech Park, Mount Poonamelle Road, Nandambakkam, Chennai-89

Contact Person:
Swathini - 6381787920
Hari - 7558195596


Work Location: Sagility, Kosmo One, Ambattur.
Graduation is mandatory - 2022, 2023 & 2024 passed Arts & Science graduates Only
No PG or BE/Btech or Diploma
Free Transportation (Pick up & Drop)
Shift Timing- Rotational Shifts
5 working days in a week (Sat & Sun Off)
Willing to work from office
Typing Skills Mandatory
Good English Communication
Carry Educational Documents(10th,12th & UG), Aadhar card & Pan Card.
Candidates who cleared in the year 2024, kindly get the attested seal & sign from the college.



Notes: Please carry mask, resume and 2nd dose vaccination certificate while attending the interview.


Thanks,
Surender M
HR, TA Team,
Sagility India.

Role: Non Voice - Other
Industry Type: BPO / Call Centre
Department: Customer Success, Service & Operations
Employment Type: Full Time, Permanent
Role Category: Non Voice
Education
UG: BCA in Any Specialization, B.Com in Any Specialization, B.A in Any Specialization, B.Sc in Any Specialization, B.B.A/ B.M.S in Any Specialization
Key Skills
Fresher"
190,Chennai,2,Mega Walk-In Drive For International Non Voice Process,Sagility India,Not Disclosed,https://www.naukri.com/job-listings-mega-walk-in-drive-for-international-non-voice-process-sagility-india-chennai-0-to-0-years-260824012926,Yes,0 years,"27 August - 5th September , 9.30 AM - 5.30 PM","27 August - 5th September , 9.30 AM - 5.30 PM","Job description

Mega Walk in Drive for Fresher

27-08-2024 to 30-08-2024 (Monday to Friday)

International Non-Voice Process-Take home-14 K (Monthly)

20 Openings in Sagility at Chennai

Interview Date: 27-08-2024 to 30-08-2024 (Tuesday to Friday)
Interview Time: 09:00 AM to 05.00 PM

Process: US Healthcare Process

Interview Venue: Sagility, Tower-B 12th Floor, Kosmo One Ambattur.


Contact Person: Jenifer (9363657778)
Work Location: Sagility, Kosmo One, Ambattur.

Graduation is mandatory 2022 & 2023 2024 passed Arts & Science graduates Only
No PG or BE/Btech or Diploma
Free Transportation (Pick up & Drop)
Shift Timing- Rotational Shifts
5 working days in a week
Willing to work from office
Typing Skills
Excellent English Communication
Carry Educational Documents, Adhar card & Pan Card.



Notes: Please carry mask, resume and 2nd dose vaccination certificate while attending the interview.

Role: Non Voice - Other
Industry Type: BPO / Call Centre
Department: Customer Success, Service & Operations
Employment Type: Full Time, Permanent
Role Category: Non Voice
Education
UG: BCA in Any Specialization, B.Com in Any Specialization, B.B.A/ B.M.S in Any Specialization, B.A in Any Specialization, B.Sc in Any Specialization
Key Skills
Skills highlighted with ‘‘ are preferred keyskills
fresher"
190,Chennai,2,Mis Deputy Manager,TVS Credit Services,5-6.5 Lacs P.A.,https://www.naukri.com/job-listings-mis-deputy-manager-tvs-credit-services-chennai-3-to-8-years-230824015689,Yes,3 - 8 years,"3rd September - 5th September , 11.00 AM - 5.30 PM","3rd September - 5th September , 11.00 AM - 5.30 PM","Job description
We are hiring for MIS Senior role for TVS Credit services -Chennai Location.

Designation -MIS Specialist
Work from Office
Looking for immediate joiners
Preparing and building Daily, Monthly& YTD MIS Performance Dashboards and MPR Presentation on Monthly Basis
Coordinating with HO Team on Region level Requirements.
Planning and setting Targets for Yearly and monthly.
Data Support for Regional Team.
Managing with TCM & FCE Level on Monthly Performance outliers.
Good Skills in PPT preparation.

Key skills MS office and Basic VBA macros.
Work Location Chennai , Nungambakkam.

Walk-in Drive on 02-Sep-24 to 04-Sep-24.

Venue - II, FLOOR, JAYALAKSHMI ESTATES, 29, Haddows Rd, Thousand Lights West, Nungambakkam, Chennai, Tamil Nadu 600006.

HR Reference - Magesh - Senior Manager -TVS credit services .
Role: MIS Executive
Industry Type: NBFC
Department: Customer Success, Service & Operations
Employment Type: Full Time, Permanent
Role Category: Operations Support
Education
UG: Any Graduate
Key Skills
Power Bi ReportsMacros"
190,Chennai,2,Mega -Walk-In For Tamil Voice Process @ Matrimony.com,Matrimony com,1.75-2.75 Lacs P.A.,https://www.naukri.com/job-listings-mega-walk-in-for-tamil-voice-process-matrimony-com-matrimony-com-chennai-0-to-4-years-060523006283,Yes,0 - 4 years,"2nd September - 5th September , 11.00 AM - 2.30 PM","2nd September - 5th September , 11.00 AM - 2.30 PM","Job description
Tamil Voice Process

Qualification - Any Degree (2024 batch can also Apply)
Experience - 0 to 4 Years
Permanent On Role Job
Internal Job Promotions
Salary - Fixed Salary + Huge Incentives
Avg English Communication+ Fixed increments
PF +ESI +Gratuity
General Shift
Sunday Weekoff

Interview Location -
Matrimony.com
RR Tower 2, No.95,
4th floor, Guindy Industrial Estate,
Chennai -600032
Reference- Irfana-9025310767
Mention Irfana on the top of your Resume

Company Overview:
Matrimony.com Ltd is India's first pure play Wed-Tech Company to get listed on BSE and NSE. Its flagship brand Bharat Matrimony is the largest and the Most Trusted Matrimony Brand (as per the Brand Trust Report 2014). Over 3600 associates serve close to 4 million members. The company provides both matchmaking and marriage related services and is also complemented by 110+ company-owned retail outlets. Its flagship matchmaking services are Bharat Matrimony, Elite Matrimony and Community Matrimony. With a strong leadership in matchmaking, the company has fast expanded into the $55 billion marriage services Industry Wedding Bazaar the Largest Wedding Services Provider and Mandaps the Largest Online Wedding Venues Platform The goal is to build a billion-dollar revenue company and a long-lasting institution with a legacy for the generations to come.
Role: Voice / Blended - Other
Industry Type: BPO / Call Centre
Department: Customer Success, Service & Operations
Employment Type: Full Time, Permanent
Role Category: Voice / Blended
Education
UG: Any Graduate
Key Skills
Skills highlighted with ‘‘ are preferred keyskills
bpofreshercustomer servicetelecallingVoice Process
Domestic BPOcustomer carecustomer handling"
190,Chennai,2,Senior Key Relationship Officer - Housing Finance,Aditya Birla Housing Finance Ltd,3-4 Lacs P.A.,https://www.naukri.com/job-listings-senior-key-relationship-officer-housing-finance-aditya-birla-housing-finance-ltd-hyderabad-chennai-bengaluru-1-to-6-years-310824005912,Yes,1 - 6 years,"2nd September - 6th September , 10.00 AM - 6.00 PM","2nd September - 6th September , 10.00 AM - 6.00 PM","Job description
Role & responsibilities
Work with Sales Manager and plan sales for achieving targets (including cross-sell), considering competitive forces and local trends
Scan the local market and competitive offerings on a periodic basis to adapt sales efforts accordingly
Provide data for and compile periodic MIS reports for disbursements, NPAs, target achievement, etc.
Work on assigned and identified prospects list for client relationship origination and maintenance activities, interacting with ground-level client stakeholders
Understand and communicate understanding of product characteristics and benefits to end customers effectively in order to enhance effectiveness of sales efforts
Attend to customer complaints effectively, escalating critical cases to Sales Manager (Direct) - ABHFL as required
Execute operations efficiently across the Customer Lifecycle (Sourcing, Approval, Servicing, Collections)
Ensure adequate focus on different distribution channels, working with Manager for interfacing with senior stakeholders/ complex cases
Implement prescribed processes and best practices to enhance operational effectiveness, productivity and sales performance
Attend relevant technical and behavioral trainings/ seminars and work on self-development initiatives
Coordinate with internal stakeholders for smooth operations and alignment towards achievement of targets
Work with the Risk, Operations and Sales Governance team members to ensure adherence to risk management and control mechanisms
Ensure compliant sales operations and sound risk management in day-to-day operations
Compile and ensure systematic, accurate MIS on NPAs and credit trends, providing inputs on factors impacting portfolio quality

Preferred candidate profile
01year of Sales Experience into LAP / Home Loan / Mortgage is mandatory for this role


Perks and benefits
Best in Industry performance based - Incentive along with fast-track career progression

Walk-in as you are to our offices for further discussion:-
Bangalore - Chethan AS :- Aditya Birla Housing Finance, 2nd floor, SAF Building, Rashtriya Vidyalaya Road, 2nd Block, Basavanagudi, Bengaluru - 560004
Chennai - Daniel Premkumar :- Aditya Birla Housing Finance, Ground floor, M-7. Sai Sagar, Guindy Industrial Estate, SIDCO, Guindy, Chennai-600032
Hyderabad - Hemanth :- Aditya Birla Housing Finance, 2nf floor, No 6/3/553, No C2, Quena Square, Irram Manzil Colony, Punjagutta, Hyderabad - 500082
Role: Field Sales Executive
Industry Type: Financial Services
Department: Sales & Business Development
Employment Type: Full Time, Permanent
Role Category: Retail & B2C Sales
Education
UG: Graduation Not Required
Key Skills
Skills highlighted with ‘‘ are preferred keyskills
Housing financeMortgage Loans
HLSecured LoanLap LoansAffordable HousingMortgage SalesRetail AssetsLoan Against PropertyHousing LoanMortgageHome Loan Saleshome loansLapHome Finance"
190,Chennai,2,Hiring For AR Callers!!! R1RCM - Chennai-,R1 RCM,2.25-5 Lacs P.A.,https://www.naukri.com/job-listings-hiring-for-ar-callers-r1rcm-chennai-r1-rcm-chennai-1-to-5-years-300824015943,Yes,1 - 5 years,"3rd September - 6th September , 2.00 PM - 5.00 PM","3rd September - 6th September , 2.00 PM - 5.00 PM","Job description
Greeting from R1RCM!!!

Job Description:

Roles & Responsibilities:
Follow up with the payer to check on claim status.
Identify denial reason and work on resolution.
Save claim from getting written off by timely following up.
Should have sound knowledge of working on Billing scrubbers and making edits.
Work on Contractual adjustments & write off projects.
Should have good Cash collected/Resolution Rate.
Should have calling skills, probing skills and denials understanding.

Skill Set:
Candidate should be good in Denial Management.
Candidate should have knowledge of Medicare, Medicaid & ICD & CPT codes used on Denials.
Ability to interact positively with team members, peer group and seniors.
For additional details regarding submission eligibility and payment terms, please refer to your contract. Only submissions from agencies with current service contracts.

Work From Office
Interested Candidate can share the CV to the below mentioned Mail ID or ping the CV to below mentioned Contact Number.

HR - Reshma
Email ID -rlnu982@r1rcm.com
Call/Ping - 9363256851
Kindly walk-in to the below address along with your original Aadhar & PAN card.
Door No. 111, 8th Floor, Tower B, Commerzone IT Park, Mount Poonamallee Rd, Porur, Chennai, Tamil Nadu 600116

Role: Customer Onboarding - Voice / Blended
Industry Type: BPO / Call Centre
Department: Customer Success, Service & Operations
Employment Type: Full Time, Permanent
Role Category: Voice / Blended
Education
UG: Any Graduate
Key Skills
Skills highlighted with ‘‘ are preferred keyskills
Sr Ar CallerAR Caller
Revenue Cycle ManagementDenial ManagementRCM"
190,Chennai,2,International Voice Process Executive,e care India,Not Disclosed,https://www.naukri.com/job-listings-international-voice-process-executive-e-care-india-chennai-0-to-1-years-300824009629,Yes,0 - 1 years,"2nd September - 6th September , 10.30 AM - 1.00 PM","2nd September - 6th September , 10.30 AM - 1.00 PM","Job description
Greetings from e-care India!!!

We are looking for Freshers in International  Voice Process

Voice: Night Shift

Job Essentials:
    Good Communication in English both Oral and Written is mandatory.
    10th and 12th should be from English Medium Background.
    Post Graduates are  eligible to attend the Interview.
    Any UG Graduate can attend the Interview.
    Candidates having arrears can also attend the interview.
    Graduation is not  mandatory.
    Candidates with 0-1 yr of experience in BPO (Domestic & International) can also attend.



Job Benefits for Voice
    Sat & Sun Fixed Week-off
    Cab Drop Facility Available at Free of Cost
    Dinner at Subsidiary rates.
    Performance and attendance Incentives.


Interested Candidates can Walk-in to below mentioned address between from 10:30 am to 01:30 pm.

Venue:
5th Floor, WSS Towers, 107-108 Harris Road (Mount Road), Chennai-600002 .
Landmark: Near Casino Theater.
Role: Non Tech Support - Voice / Blended
Industry Type: BPO / Call Centre
Department: Customer Success, Service & Operations
Employment Type: Full Time, Permanent
Role Category: Voice / Blended
Education
UG: Any Graduate
PG: Any Postgraduate
Doctorate: Any Doctorate
Key Skills
Skills highlighted with ‘‘ are preferred keyskills
Freshers
Email Supportgood communicationNon Voice ProcessChat SupportNon VoiceVoice"
190,Chennai,2,Walk-in-Interview Business Development Manager- 6th September,Indusind Bank,Not Disclosed,https://www.naukri.com/job-listings-walk-in-interview-business-development-manager-6th-september-indusind-bank-chennai-1-to-6-years-280824018092,Yes,1 - 6 years,"6th September , 10.00 AM - 4.00 PM","6th September , 10.00 AM - 4.00 PM","Job description
Dear Aspirants,

Greetings from IndusInd Bank !!!
We are looking for candidates who are interested in Outbound Sales (Field sales).
Fresher - Business Development Executive
Experienced - Business Development Manager

Walk-In date: 6th September 2024

Interview Location : IndusInd bank ltd. No.34, 4rth floor, G N Chetty Road, T Nagar, Chennai 600 017. Near AGS Theatre


Key Responsibilities :
1. To acquire New to Bank Customers and pursue new business relationships.
2. To reach out to High Net - worth individuals
3. To increase the customer base by developing business relationships with existing customers.
4. Acquire new business by selling Banking products like CASA, Debit/Credit cards, Insurance & Asset products.
5. Finding new customers from open market by travelling within the local area/branch allotted.

Work Experience :
Freshers Interested in sales also invited
Experience in banking products
Candidates from other industries having flair for open market sales are welcome.

Age Criteria : Up to 32 years

Job Location : Across Chennai

Career Path :
Well defined career path with an opportunity to have fast career progression in the Bank.

Perks and Benefits
Local Conveyance + Mobile allowances and Incentives upon meeting the Target
Role : Sales/Business Development Manager
Functional Area: Field Sales, Retail, Business Development

Role: Business Development Manager (BDM)
Industry Type: Banking
Department: Sales & Business Development
Employment Type: Full Time, Permanent
Role Category: BD / Pre Sales
Education
UG: Any Graduate
Key Skills
Skills highlighted with ‘‘ are preferred keyskills
Retail SalesCasaSalesBusiness Development Management
New BusinessCurrent AccountCredit CardsBanking Products"
190,Chennai,2,Mega Openings - Customer Support - Hindi Voice Process,Infosearch Bpo Services,2-3 Lacs P.A.,https://www.naukri.com/job-listings-mega-openings-customer-support-hindi-voice-process-infosearch-bpo-services-chennai-0-to-2-years-270824015356,Yes,0 - 2 years,"28 August - 6th September , 10.00 AM - 4.30 PM","28 August - 6th September , 10.00 AM - 4.30 PM","Job description
* Handling customer queries
* Both Inbound & Outbound voice process
* Fixed Day Shift
* No Sales & No Targets
* 6 days working/Rotational Week Off

Must Haves:
* Must be Fluent Hindi
* Excellent English communication is must
* Fresher - 2 years Experience

Desired Candidate Profile:
* Candidate should have excellent communication in Hindi, English & Tamil
* Additional languages (Telugu/Kannada/Malayalam) would be an added advantage
* Should be passionate about customer Service & interaction with Customers
* Having experience in domestic voice process would be an added advantage
* Should be flexible to work at Office
* Immediate joiners are preferred
* Candidates pursuing their graduation in regular is not eligible

Interested candidate can feel free to contact HR Vishali @ 9840322924 Or can walk-in directly to the below mentioned interview venue with your updated CV.
You can refer your friends.

Role: Customer Retention - Voice / Blended
Industry Type: BPO / Call Centre
Department: Customer Success, Service & Operations
Employment Type: Full Time, Permanent
Role Category: Voice / Blended
Education
UG: Any Graduate
Key Skills
Skills highlighted with ‘‘ are preferred keyskills
TelecallingHindiVoice Process
Inbound Voice ProcessCustomer SupportBpo VoiceDomestic BPOCustomer CareVoice Support"
190,Chennai,2,Hiring For International Non Voice Process_Lending_Night shift_Chennai,Enoah Isolution,Not Disclosed,https://www.naukri.com/job-listings-hiring-for-international-non-voice-process-lending-night-shift-chennai-enoah-isolution-chennai-0-to-2-years-190824007205,Yes,0 - 2 years,"3rd September - 6th September , 6.30 PM - 8.00 PM","3rd September - 6th September , 6.30 PM - 8.00 PM","Job description
Greetings from eNoah iSolution!

Hiring - International Non Voice Process
Experience: 0-2 Years
Fresher's Will be hired through NATS.
(2022 to 2024)
Degree- B. Com
Provisional certificate is Must.

Job Location: Chennai (Taramani)
Shift : Night Shift
Notice Period : Immediate Joiner

Job Requirements:
Good oral and written english communication.
Experience in Lending/ Banking process.
Typing speed above 30 WPM.

Direct Walk-in details:
Time and Venue:
3rd Sep 24 and 6th Sep 24
7 PM to 8 PM
eNoah iSolution- Elnet Software City, 1st floor , Rajiv Gandhi Salai, Tharamani, Chennai, Tamil Nadu 600113
(Opposite to Thiruvanmiyur railway station)

Interested Candidates come for Direct Walk-in

Mention 'Sakthivel' on your resume.

Regards,
Sakthivel S -HR


Role: Non Voice - Other
Industry Type: BPO / Call Centre
Department: Customer Success, Service & Operations
Employment Type: Full Time, Permanent
Role Category: Non Voice
Education
UG: B.Com in Any Specialization
Key Skills
Skills highlighted with ‘‘ are preferred keyskills
LendingTyping Speed
Non Voice"
190,Chennai,2,Walk-In Interview - Business Development Manager - Current Accounts,Indusind Bank,Not Disclosed,https://www.naukri.com/job-listings-walk-in-interview-business-development-manager-current-accounts-indusind-bank-chennai-1-to-6-years-130824006442,Yes,1 - 6 years,"6th September , 10.00 AM - 4.00 PM","6th September , 10.00 AM - 4.00 PM","Job description

Job description :
Work Location : Chennai
Role: Business Development Manager (BDM)Industry Type: Banking, Department: Emerging Corporates., Role Category: Sales
Education:
UG: Any Graduate.
Key Skills:
CASA.
Roles & Responsibilities:
Acquisition of Current account customers in the identified segment and reference generation from the specified catchment area
Ensure acquisition of high-quality current accounts in terms of product mix, segments and constitution mix
Proactive registration and activation of acquired customers to direct banking channels
Meet and exceed the defined targets of new customer acquisitions month on month by analyzing transaction banking needs of the customer
Assist and support the Sales Manager in catchment mapping and scoping exercise
Provide regular feedback to SM / RM on opportunities and customer needs
Ensure adherence to selling norms and SOPs defined by the organization
Ensure strict compliance with internal guidelines and external regulations
Ensure quality sourcing in line with the Banks policy.

Desired Candidate Profile:
1. 1 - 6 yrs of experience in BFSI. Any passed out Graduate or Post Graduate2. Candidates from other industries having flair for open market sales are welcome.
Age Criteria:
Up to 33yrs

Experience:
1 to 6 years (Experience candidates only).
Role: Business Development Manager (BDM)
Industry Type: Banking
Department: Sales & Business Development
Employment Type: Full Time, Permanent
Role Category: BD / Pre Sales
Education
UG: Any Graduate
Key Skills
Skills highlighted with ‘‘ are preferred keyskills
Casa
Field SalesCurrent Account"
190,Chennai,2,International Voice process @Sutherland global services,Sutherland,Not Disclosed,https://www.naukri.com/job-listings-international-voice-process-sutherland-global-services-sutherland-chennai-0-to-3-years-090724009189,Yes,0 - 3 years,"2nd September - 6th September , 11.00 AM - 2.00 PM","Gateway office parks, Ground floor, A1, 16, Grand southern trunk Rd, Perungalathur, Tamil Nadu 600063","Job description
Role & responsibilities:

We are hiring for customer support International Voice Process for world's e-commerce site.
We are looking for freshers and tenured candidates who want to build their careers in the customer service domain by having excellent communication.

Note: Must have Excellent Verbal and Written Communication skills in English - Looking for immediate joiners.

Preferred candidate profile:

Excellent communication skills and written skills.
The candidate's prime role will be assisting customers through calls
Looking for both freshers and experienced candidates, 0-3 years.

Highest qualification: +2 / Diploma for 3 years / Graduate in any stream with no backlogs.

UK shift timings with 2 days week offs.
One way Cab will be provided.

Candidates who are interested, kindly share your resumes to Gomathi.M@sutherlandglobal.com or drop your resumes to 6380446192 (whatsapp)

Please call at 6380446192 from Monday to Friday, between 11.30 am - 6.30 pm

Candidates who suit the above requirement, please step in for a walk-in-interview to office.
Mention Gomathi - HR on the top of your resume.

Office Address: Gateway office parks, Ground floor, A1, 16, Grand southern trunk Rd, Perungalathur, Tamil Nadu 600063





Role: Voice / Blended - Other
Industry Type: BPO / Call Centre
Department: Customer Success, Service & Operations
Employment Type: Full Time, Permanent
Role Category: Voice / Blended
Education
UG: Any Graduate
Key Skills
Skills highlighted with ‘‘ are preferred keyskills
Communication SkillsCustomer SupportBpo VoiceInternational Voice ProcessInternational BPO
US ProcessVoice Process"
190,Chennai,2,Residential mortgage _ Immediate_ Chennai,Enoah Isolution,Not Disclosed,https://www.naukri.com/job-listings-residential-mortgage-immediate-chennai-enoah-isolution-chennai-1-to-3-years-080124001626,Yes,1 - 3 years,"3rd September - 6th September , 12.00 PM - 7.00 PM","3rd September - 6th September , 12.00 PM - 7.00 PM","Job description

Greetings from eNoah iSolution!

Hiring - Residential mortgage
Experience: 0.6 -3 Years
Skill set: Title Search and Commitments.
Excellent Typing Speed.
Good Communication Skill.
Job Location: Chennai ( Taramani )
Shift : Night Shift
Salary: Based on the performance
Notice Period : Immediate Joiner

Direct Walk-in:

Time and Venue:
3rd Sep 2024 to 6th Sep 2024
12 PM to 7 PM
eNoah iSolution- Elnet Software City, 1st floor , Rajiv Gandhi Salai, Tharamani, Chennai, Tamil Nadu 600113


Interested Candidates come for Direct Walk-in.

Mention ' Sakthivel' on your resume.
Role: Non Tech Support - Voice / Blended
Industry Type: BPO / Call Centre
Department: Customer Success, Service & Operations
Employment Type: Full Time, Permanent
Role Category: Voice / Blended
Education
UG: Any Graduate
Key Skills
Skills highlighted with ‘‘ are preferred keyskills
CommitmentsResidential MortgageTitle Search
TypingTitle commitmentsUS MortgageProperty reports"
190,Chennai,2,Associate Customer support - Spot Selection,Tech Mahindra,1-2.5 Lacs P.A.,https://www.naukri.com/job-listings-associate-customer-support-spot-selection-tech-mahindra-chennai-0-to-1-years-030724007591,Yes,0 - 1 years,"28 August - 6th September , 9.30 AM - 5.30 PM","28 August - 6th September , 9.30 AM - 5.30 PM","Job description
Associate customer support.
Domain - Banking Telugu Voice Process
Location: SBC Tech Park Ambattur Chennai.
Mode of work: work from office.
working days: 6 days working and 1 rotational week off.
Role: Permanent
Preferred candidates: Immediate joiners Only (within 3 days)
Salary: Based on language fluency and Interview performance

Job description: -
As a Customer Support Associate, you will be assisting customers over the phone with faults and account queries.
No Sales & Target
No Bond
Permanent on role opportunity
Our well-resourced environment will provide you with the tools and opportunities to enhance your knowledge of the banking process.
Walk In directly to grab this immediate Opportunity.
Mandatory Docs required : 10th, HSC, Any degree all semester marksheets, Provisional & Degree Certificate, PAN , Aadhaar
If Experienced carry previous employment Offer Letter, Reliving Letter, Experience , Relieving letters and Last three months salary slips are Must

Eligibility criteria:-

* Any Graduate (Graduation Mandatory)
* 2024 Passed Outs Do Not Apply (Not eligible)
* Languages required - Telugu with English (Any 2 Mentioned languages) No openings for Tamil
* kindly do not call if you know only Tamil & English
*Cab details: Candidates would be eligible for a drop in case the shift ends between 10-12PM (13KM radius from the office premises).
* Willing to do rotational shifts. Only male employees would have the late-night log out at 12AM . Female employees last log out at 7PM.
*Age: Less than 32years

Note: Mention ArunHR top of your Resume

Kindly Walk-in to grab your opportunity and call
Contact:
Arunkumar
Whatsapp: 9566399659.


Walkin Location:
Tech Mahindra Limited : No. 90/B-1, SBC Tech Park, Madras Thiruvallur High Rd, Ambattur Industrial Estate, Chennai, Tamil Nadu 600058
https://maps.app.goo.gl/NVDhtpgqwxM9P64S9

Role: Voice / Blended - Other
Industry Type: BPO / Call Centre
Department: Customer Success, Service & Operations
Employment Type: Full Time, Permanent
Role Category: Voice / Blended
Education
UG: Any Graduate
Key Skills
Skills highlighted with ‘‘ are preferred keyskills
TeluguCustomer SupportKannadaBpo Voice
Inbound ProcessBpo Customer ServiceInbound CallsVoice ProcessVoice SupportInbound Voice ProcessDomestic Voice ProcessTelecallingCustomer CareDomestic Calling"
190,Chennai,2,WALK-IN For Freshers - Sales (Chennai),Axis Bank,2.25-3.25 Lacs P.A.,https://www.naukri.com/job-listings-walk-in-for-freshers-sales-chennai-axis-bank-chennai-0-to-3-years-020924015490,Yes,0 - 3 years,"3rd September - 6th September , 9.30 AM - 3.00 PM","3rd September - 6th September , 9.30 AM - 3.00 PM","Job description
About the Role:
Business Development Executives are a part of the Bank's front line sales team.
Their primary responsibility is sales of banks products to new customers for the bank.
They will be required to take part in offsite marketing activities and travel locally to meet new customers as a daily activity.
They are responsible for selling banking and third party products to customers based on their needs.
They are responsible for handling customer queries.
Business Development Executives are required to achieve targets assigned by the bank within initial 6 months for confirmation of their service
Key Responsibilities:
Selling of banks and third party products to new customers.
Conducting marketing activities and travel locally to meet new customers as a daily activity.
Contacting existing customers for more deposits and cross selling of more products.
Achieve sales targets as assigned by the organization on a daily and monthly basis.
Complete all mandatory certifications required for the role (AMFI, EUIN etc.).
Complete all learning activities conducted by the bank from time to time.
Daily entry of interaction with customers in banks CRM system.
Follow all compliance guidelines (regulatory & legislative) for each activity.
Participate and follow all initiatives that are undertaken by the bank from time to time
Qualifications:
Graduation from a recognized institute
Role Proficiencies:
For successful execution of the job, the candidate should possess the following:
Good communication (both verbal and written) skill in both English and the local language
Excellent lead generation and conversion skill
Ability to handle pressure and meet deadlines
Ability to work successfully as a part of a team
High sales orientation to meet the sales targets consistently
Ready to travel locally for meeting customers during sales calls.
Should have compatible mobile device with a required Android/ iOS version

#ComeAsYouAre 'We are dil se open. Women, LGBTQIA+ and PwD candidates of all ages are encouraged to apply'






Role: Field Sales Executive
Industry Type: Banking
Department: Sales & Business Development
Employment Type: Full Time, Permanent
Role Category: Retail & B2C Sales
Education
UG: Any Graduate
Key Skills
Skills highlighted with ‘‘ are preferred keyskills
SalesInsurance Sales
Finance SalesCredit Card SalesBfsi SalesCasa SalesBanking SalesBanking Products"
190,Chennai,2,"Walk-In-Interview For Machine Learning, Python, and Vue.Js Developers",Sysvine Technologies,5-10 Lacs P.A.,https://www.naukri.com/job-listings-walk-in-interview-for-machine-learning-python-and-vue-js-developers-sysvine-technologies-chennai-3-to-5-years-020924014994,Yes,3 - 5 years,"3rd September - 6th September , 10.00 AM - 5.00 PM","3rd September - 6th September , 10.00 AM - 5.00 PM","Job description
We are looking for 3 to 5 years of experience with the below skilled people

1. Python with Django or Flask
2. Machine Learning Developers
3. Vue.Js Developers
4. Java Spring Boot React Developers

Required Candidate profile
Minimum 75% in all academics
Very good oral communication skills
Role: Full Stack Developer
Industry Type: IT Services & Consulting
Department: Engineering - Software & QA
Employment Type: Full Time, Permanent
Role Category: Software Development
Education
UG: Any Graduate
Key Skills
Skills highlighted with ‘‘ are preferred keyskills
Vue.JsMachine LearningPython
Java Fullstack"
190,Chennai,2,Urgent Hiring Freshers Walk in - International Voice,Sutherland,2.75-3 Lacs P.A.,https://www.naukri.com/job-listings-urgent-hiring-freshers-walk-in-international-voice-sutherland-chennai-0-to-5-years-020924008417,Yes,0 - 5 years,"2nd September - 6th September , 10.30 AM - 5.30 PM","Sutherland Global Services, A1 Block, Ground Floor, Gateway Office Parks, GST Road, Perungalathur, Chennai 600063.","Job description
Ideal Candidate must possess:

* Very Good Communication Skills
* Willingness to Work From Office 5 days a week
* Willingness to work in Night Shifts & Voice Process (Travel Domain)

Selection Process:

1. HR Screening
2. Online English Assessment (Voice, Email, Analytical, Typing)
3. Panel Interview

Education Qualification

High School Degree or GED (required)
College Degree (preferred)
Any other travel school/ college/ institute certification (preferred)

Work Location: Chennai (Perungalathur)
Salary: Up to 3 LPA

Contact HR: Cathy (7358645697)
Role: Voice / Blended - Other
Industry Type: BPO / Call Centre
Department: Customer Success, Service & Operations
Employment Type: Full Time, Permanent
Role Category: Voice / Blended
Education
UG: Graduation Not Required
Key Skills
Skills highlighted with ‘‘ are preferred keyskills
fresher
BPOcall centrecontact centrefreshersinboundcustomer serviceinternational voicecall centerBPO voicecustomer supportvoice processus voiceoutboundvoice supportinternational call centre"
190,Chennai,2,Walk - in | Virtual Relationship Manager | Chennai (Karapakkam),Indusind Bank,2-4 Lacs P.A.,https://www.naukri.com/job-listings-walk-in-virtual-relationship-manager-chennai-karapakkam-indusind-bank-chennai-0-to-3-years-020924008147,Yes,0 - 3 years,"5th September - 6th September , 11.00 AM - 4.00 PM","5th September - 6th September , 11.00 AM - 4.00 PM","Job description
Freshers / Experienced Virtual Relationship Manager required for IndusInd Bank for Chennai Location Walk-in on 5th & 6th September 2024.

Job Role :
Achieve sales targets and providing Customer service by managing assigned portfolio of customers for the Bank through phone.
Achieving the Business targets assigned in terms of cross selling, enhancing and upgrading the relationships.
Effectively service inbound calls to customers.
Sales targets spread across Liabilities, Retail Assets, Forex, Credit Cards, Online trading etc.

Requirements:
Any Graduate or Post Graduate
0 - 5 years experience in BPO Sales, Phone Banker would be preferred.
Multilinguistic (Hindi Language preferred)
Excellent communication skills

Suitable candidates can contact the below said Team Manager / HR.

Contact Person - Vanitha (TL) / Pravin (HR)
Contact Number - 7823993117 / 8015381438
Mail - ramadoss.pravinraj@indusind.com
Walk-in Date - 8th & 9th Aug 2024 - 11am to 4pm

Location:
No. 69, Eshwaran Street, Old Mahalipuram Road,
Muthamiz Nagar, Karapakkam, Chennai - 600096

Role: Customer Engagement
Industry Type: Banking
Department: Sales & Business Development
Employment Type: Full Time, Permanent
Role Category: Sales Support & Operations
Education
UG: Any Graduate
Key Skills
Skills highlighted with ‘‘ are preferred keyskills
Hindi SpeakingHindi Call CenterTeluguKannadaHindi
Banking ProcessTelesalesTelecom SalesPhone BankingOutbound ProcessVoice ProcessBanking SalesVRMDomestic Voice ProcessOutbound SalesBpo VoiceTelecallingDomestic BPODomestic CallingBpo SalesTelemarketing"
190,Chennai,2,Banking voice process,Tech Mahindra,1-2.5 Lacs P.A.,https://www.naukri.com/job-listings-banking-voice-process-tech-mahindra-chennai-0-to-2-years-020724007787,Yes,0 - 2 years,"28 August - 6th September , 9.30 AM - 5.30 PM","28 August - 6th September , 9.30 AM - 5.30 PM","Job description
Associate customer support.

Domain - Banking
Location: SBC Tech Park Ambattur Chennai.
Mode of work: work from office.
working days: 6 days working and 1 rotational week off.
Role: Permanent
Preferred candidates: Immediate joiners Only
Salary: Based on language fluency and Interview performance

Job description: -
As a Customer Support Associate, you will be assisting customers over the phone with faults and account queries.
No Sales & Target
No Bond
Permanent on role opportunity
Our well-resourced environment will provide you with the tools and opportunities to enhance your knowledge of the banking process.
Walk In directly to grab this immediate Opportunity.

Mandatory Docs required : 10th, HSC, Any degree all semester marksheets, Provisional & Degree Certificate, PAN , Aadhaar
If Experienced carry previous employment Offer Letter, Reliving Letter, Experience , Relieving letters and Last three months salary slips are Must

Eligibility criteria:-
* Any Graduate (Graduation Mandatory)
* 2024 Passed Outs Do Not Apply (Not eligible)
* Languages required - Hindi/Telugu/ Kannada/ Malayalam with English (Any 2 Mentioned languages) No openings for Tamil
* kindly do not call if you know only Tamil & English
*Cab details: Candidates would be eligible for a drop in case the shift ends between 10-12PM (13KM radius from the office premises).
* Willing to do rotational shifts. Only male employees would have the late-night log out at 12AM . Female employees last log out at 7PM.
*Age: Less than 32years

Contact:
Arun HR
Whatsapp: 9566399659.

Walkin Location:
Note: Mention Arun HR top of your Resume

Tech Mahindra Limited : No. 90/B-1, SBC Tech Park, Madras Thiruvallur High Rd, Ambattur Industrial Estate, Chennai, Tamil Nadu 600058
https://maps.app.goo.gl/NVDhtpgqwxM9P64S9

Role: Voice / Blended - Other
Industry Type: BPO / Call Centre
Department: Customer Success, Service & Operations
Employment Type: Full Time, Permanent
Role Category: Voice / Blended
Education
UG: Any Graduate
Key Skills
Skills highlighted with ‘‘ are preferred keyskills
telugu voiceTeluguKannadahindiDomestic BPO
Voice ProcessHindi Call CenterVoice SupportOutbound CallingInbound Voice ProcessCustomer SupportDomestic Voice ProcessBpo VoiceDomestic VoiceTelecallingDomestic Calling"
190,Chennai,2,International Voice Process - French,Hexaware Technologies,2.5-3.25 Lacs P.A.,https://www.naukri.com/job-listings-international-voice-process-french-hexaware-technologies-chennai-0-to-5-years-290824007679,Yes,0 - 5 years,"2nd September - 7th September , 10.30 AM - 5.30 PM","2nd September - 7th September , 10.30 AM - 5.30 PM","Job description
Designation: Executive & Sr Executive (International Voice Process)
Language: French
Location: Chennai One, Thoraipakkam
Qualification: HSC passed / any graduate / arrear can be considered.
Exp. range 0 - 3 Years
Notice period Immediate Joiners
Interview Venue HEXAWARE TECHNOLOGIES/BPS ; Chennai one SEZ IT PARK - GATE 2 ; IG-3, 3rd Floor, Phase 2, Pallavaram 200 Feet Ring Road, ,MCN Nagar Ext, MCN Nagar Extension, Thoraipakkam, Chennai -Tamil Nadu 600097
Job location – Thoraipakkam; Chennai one SEZ IT PARK - Chennai TN
Salary – 2.32 LPA – 3.3 LPA Basis your performance and Years of Experience (T&C) **
Desired Candidate Profile:
0 to 3 Years of experience in Outbound and Inbound calls with excellent communication.
Freshers with excellent communication can also be considered.
Candidate should be strong in communication (should be good Grammar, sentence construction and pronunciation)
Preferably Immediate joiners.
One way cab will be provided for female after 9PM.
Fixed Saturday and Sunday week offs.
Rounds of Interviews:
HR round
Operations round
Mode of interview: Direct Walk-in Drive (please come with 2 copies of your resume and a Government ID PROOF)

Note: Applicant currently in Chennai are preferred / Out of station applicants can be considered if ready to relocate immediately
The shortlisted candidates should be able to join as soon as possible and should have all documents photocopy handy for visa verification.
You can refer your friends as well!

Interested candidate's contact the below helpline numbers between 10am to 6 pm for the virtual interviews. (FOR OUT STATION APPLICANTS ONLY pleas)
Contact person Name: Nandhini
Contact Person Number: 8220267098
Email id - Nandhini5@hexaware.com

Role: Voice / Blended - Other
Industry Type: BPO / Call Centre
Department: Customer Success, Service & Operations
Employment Type: Full Time, Permanent
Role Category: Voice / Blended
Education
UG: Graduation Not Required
Key Skills
Skills highlighted with ‘‘ are preferred keyskills
FrenchInternational voice processFrench voice process
UK shift"
190,Chennai,2,Exclusive Walkin Drive For AR Associate @ Omega - Chennai,Omega Healthcare,2-2.5 Lacs P.A.,https://www.naukri.com/job-listings-exclusive-walkin-drive-for-ar-associate-omega-chennai-omega-healthcare-chennai-0-to-1-years-290824005878,Yes,0 - 1 years,"29 August - 7th September , 9.30 AM - 5.30 PM","Omega healthcare management services RMZ 1, Millennia business park Ground floor Dr.MGR Road Kandanchavadi","Job description

Roles and Responsibilities
Call Payer (Insurance) to resolve claims (denial/non-denial) after review from PMS, internal system & process toward resolution (Payment, Adjustment & self-pay).
Identify potential process improvements, trends, issues and escalate to Supervisor through calling.
Follow the Workflow documentation like SOPs Update tracker, Issue Log and Trend logs.
Be part of all the training session to gain knowledge towards RCM.
Resolve complex patient account issues requiring investigation of system timeline comments, payer reimbursements and account transactions
Identify the accounts which does not require calling and can be fixed by Analyst to resolve
Logical thinking to identify the trends, resolve accounts for an error free account
Identify payer issues and leads special projects to aggregate claim data for payer reprocessing and escalate complex payer issues to the lead billing specialist as necessary Roles and Responsibilities
Call Payer (Insurance) to resolve claims (denial/non-denial) after review from PMS, internal system & process toward resolution (Payment, Adjustment & self-pay).
Identify potential process improvements, trends, issues and escalate to Supervisor through calling.
Follow the Workflow documentation like SOPs Update tracker, Issue Log and Trend logs.
Be part of all the training session to gain knowledge towards RCM.
Resolve complex patient account issues requiring investigation of system timeline comments, payer reimbursements and account transactions
Identify the accounts which does not require calling and can be fixed by Analyst to resolve
Logical thinking to identify the trends, resolve accounts for an error free account
Identify payer issues and leads special projects to aggregate claim data for payer reprocessing and escalate complex payer issues to the lead billing specialist as necessary

Note - Interested candidates can directly Walk-in to the below Address.
Address - Omega healthcare management services
RMZ 1, Millennia business park Ground floor
Dr MGR Road
Kandanchavadi

*NOTE : KINDLY MENTION TOP OF RESUME NAUKRI *

*MEGA WALK -IN DRIVE IS MONDAY - FRIDAY, TIMING : 10:30AM TO 3: 30PM*

**Note : Walkin Interviews between 10am to 3 : 30pm **
**Salary : CTC 19000k to 21000k**
Role: Voice / Blended - Other
Industry Type: Analytics / KPO / Research
Department: Customer Success, Service & Operations
Employment Type: Full Time, Permanent
Role Category: Voice / Blended
Education
UG: Graduation Not Required
Key Skills
Skills highlighted with ‘‘ are preferred keyskills
Communication SkillsFresher
BPODomestic Voice ProcessInternational Call CenterKPOVoice ProcessInternational VoiceInternational Voice ProcessInternational BPOInternational Calling"
190,Chennai,2,Direct Walk-In For Tele-Sales Executive@ Matrimony.com,Matrimony com,1.5-3.25 Lacs P.A.,https://www.naukri.com/job-listings-direct-walk-in-for-tele-sales-executive-matrimony-com-matrimony-com-chennai-2-to-4-years-170824004531,Yes,2 - 4 years,"29 August - 7th September , 9.30 AM - 5.30 PM","29 August - 7th September , 9.30 AM - 5.30 PM","Job description
Mention on Top of Your Resume to Meet HR Prabakaran

Any Degree ( NO Backlogs)
Permanent Job (Onroll)
Avg English Communication also can apply Interested In Voice Process ( Tele Sales Experience Added Advantage)
Experience - 1 to 4 Years
Salary and Benefits Fixed Salary + Incentive Rs. 5000/- to Rs.45000/- Per month
Statutory Benefits, PF, ESI, Bonus, Gratuity, Leave all provided

Opportunities to learn and grow with the Company
Yearly salary Hike
Internal Promotions (IJP)
General Shift (No Night Shift, Sunday Fixed Off)

Interview Location - Matrimony.com No:117/1 , Arihant E Park , 2nd Floor, LB Road, Adyar , Chennai - 600020 Landmark : Opp to A2B Hotel ( Near Adyar Signal)

Reference- Prabakaran-Call / WhatsApp -7200602952 Mention Prabakaran On Resume Top

Role: Customer Engagement
Industry Type: BPO / Call Centre
Department: Sales & Business Development
Employment Type: Full Time, Permanent
Role Category: Sales Support & Operations
Education
UG: Any Graduate
Key Skills
Skills highlighted with ‘‘ are preferred keyskills
Telesales
Inbound SalesUpsellingOutbound SalesB2C SalesCross SellingCross SalesCredit Card SalesInsurance SalesMutual Funds SalesInside SalesLoan Sales"
190,Chennai,2,Direct Walk-in Interview For Freshers !!,Firstsource,1-2.75 Lacs P.A.,https://www.naukri.com/job-listings-direct-walk-in-interview-for-freshers-firstsource-chennai-0-to-1-years-160724012970,Yes,0 - 1 years,"30 August - 7th September , 10.30 AM - 1.30 PM","30 August - 7th September , 10.30 AM - 1.30 PM","Job description
Job location: OMR Navallur, Chennai
Position: CSA
Industry: ITES/BPO
Category: International Non-voice Process
Work Mode : Work From Office
Shift: Flexible to work in night shift
Cab Boundary Limit - One Way Upto 30kms.

Key Skills:
Good Communication Skills.
Listening & Comprehension.
Good typing Skills is must.

Minimum Eligibility:
*Only Arts & Science and Diploma can apply. No Arrears.
*PG Graduates & BE/B.Tech Graduates are not eligible.
Location: 5th floor, 4th block, Bayline Infocity, OMR Rajiv Gandhi Salai, Navalur, near to AGS Bus Stop, Chennai, Tamil Nadu 603103.
Direct Walk-in
Walk - in Time: 10:30 AM - 1PM
Walk - in Date: Monday to Friday
Note: Bring your Pan card Or Aadhar card (original and Xerox)

Interested candidates share your resume on WhatsApp for immediate action.
HR Recruiter : Aiswarya M
Contact : 8072289336/aiswarya.mmm@firstsource.com


Mention reference name Aiswarya HR in top of your resume.
Kindly refer your friends as well.


Role: Non Voice - Other
Industry Type: BPO / Call Centre
Department: Customer Success, Service & Operations
Employment Type: Full Time, Permanent
Role Category: Non Voice
Education
UG: BCA in Any Specialization, B.Ed in Any Specialization, BAMS in Any Specialization, B.A in Any Specialization, BDS in Any Specialization, B.B.A/ B.M.S in Any Specialization, B.Pharma in Any Specialization, Diploma in Any Specialization, BHMS in Any Specialization, BHMCT in Any Specialization, B.U.M.S in Any Specialization, BFA in Any Specialization, BHM in Any Specialization, B.Sc in Any Specialization, B.Com in Any Specialization
Key Skills
Skills highlighted with ‘‘ are preferred keyskills
Medical Billing
Communication SkillsEmail SupportNon Voice ProcessInternational Non VoiceTyping SkillsChat SupportUS HealthcareBpo Non Voice"
190,Chennai,2,Firstsource Hiring For International Voice Process!!,Firstsource,Not Disclosed,https://www.naukri.com/job-listings-firstsource-hiring-for-international-voice-process-firstsource-chennai-0-to-3-years-300824018893,Yes,0 - 3 years,"30 August - 8th September , 11.00 AM - 1.00 PM","30 August - 8th September , 11.00 AM - 1.00 PM","Job description
Job Summary:
A CSA in this role deals with resolving customer queries for various process related tasks. The associate provides appropriate solutions to the customer while providing a high level of customer service and accurate information.

Key Responsibility:
1. Production, Quality
2. Shift and Schedule adherence
3. Process Knowledge

Work Mode : Work From Office
Shift: Flexible to work in night shift
Cab Boundary Limit One Way Upto 30kms radius.

Key Skills :
1. Excellent Communication Skills
2. Listening & Comprehension

Minimum Eligibility:

1. BA/B.COM/BSC/BBA/BBM/Diploma. BE/B.Tech Graduates are not eligible
2. Flexible to work in Night shifts.
3. Fresher / Experience of 0- 4years in International Voice - Outbound/Inbound.

Share your Resumes to anbalagan.murugesan@firstsource.com / 7010307510 - WhatsApp

Interested folks can Directly Walk-in to 5th floor, 4th block, Bayline Infocity, OMR Rajiv Gandhi Salai, Navalur, near to AGS Bus Stop, Chennai, Tamil Nadu 603103

Contact person: Anbu - 70101307510 (WhatsApp)
Mention reference name(Anbu) in top of your resume.
Kindly refer your friends as well.

Walk - in time: 10:30 AM - 1:00 PM
Walk - in date: Monday to Friday
Note: Bring your educational documents, Pan card, Aadhar card (both original and Xerox)

Role: Voice / Blended - Other
Industry Type: BPO / Call Centre
Department: Customer Success, Service & Operations
Employment Type: Full Time, Permanent
Role Category: Voice / Blended
Education
UG: Any Graduate
Key Skills
Skills highlighted with ‘‘ are preferred keyskills
Inbound Customer ServiceOutbound callsInternational Voice Process
Bell canadaseller supportUS Shiftcustomer serviceAmazon seller supportOutbound CallingUpsellingTechnical SupportNight ShiftCRM"
190,Chennai,2,Walk -in For Medical Transcriptionist / Doctors Secretary - Female,MIOT International,Not Disclosed,https://www.naukri.com/job-listings-walk-in-for-medical-transcriptionist-doctors-secretary-female-miot-international-chennai-1-to-5-years-200723006586,Yes,1 - 5 years,"2nd September - 11th September , 9.30 AM - 12.30 PM","2nd September - 11th September , 9.30 AM - 12.30 PM","Job description
Roles and Responsibilities
1. Serve as the bridge between hospital administration members and the public.
2. Positively represent administrators and the hospital as a whole.
3. Display exemplary customer service skills and help hospital patients.

Desired Candidate Profile
1. Should have good communication skills..
2. Good typing skills with pleasing personality.
3. Candidate should be aware of Medical terminologies are preferred.




Role: Other
Industry Type: Medical Services / Hospital
Department: Other
Employment Type: Full Time, Permanent
Role Category: Other
Education
UG: B.Sc in Food Technology, Home Science, Bio-Chemistry, Biology, Microbiology, Botany, Chemistry, Zoology, Environmental Science
Key Skills
Skills highlighted with ‘‘ are preferred keyskills
Medical CodingMedical Transcriptioncommunication skills
medicalSecretarial ActivitiesMedical TranscriptionistTyping Skillsdoctor secretaryhealthcare servicesdischarge summarytypinghospital secretaryhealth care"
